Réutilisation,Jeu de données du top 100,Lien du jeu de données,Thématique,Type,Réutilisateur,Lien de la réutilisation,Absence de réutilisations de qualité sur le jdd,Commentaires,Top 100 actuel
,Monuments historiques classés à Saint Malo,http://www.data.gouv.fr/fr/datasets/monuments-historiques-classes-a-saint-malo/,,,,,Yes,,Yes
,Monuments patrimoine Blagnac,http://www.data.gouv.fr/fr/datasets/monuments-patrimoine-blagnac/,,,,,Yes,,Yes
,Monuments historiques de Lille-Hellemmes-Lomme,http://www.data.gouv.fr/fr/datasets/monuments-historiques-de-lille-hellemmes-lomme/,,,,,Yes,,Yes
,Liste monuments historiques de Roubaix,http://www.data.gouv.fr/fr/datasets/liste-monuments-historiques-de-roubaix/,,,,,Yes,,Yes
Annuaire des Entreprises,"BODACC, Base Sirene des entreprises et de leurs établissements (SIREN SIRET), Liste Publique des Organismes de Formation, Liste des conventions collectives par entreprise (SIRET), Répertoire National des Associations, Répertoire national des élus",https://www.data.gouv.fr/fr/datasets/liste-publique-des-organismes-de-formation-l-6351-7-1-du-code-du-travail/,Economie et entreprise,Application,DINUM,https://www.data.gouv.fr/fr/reuses/lannuaire-des-entreprises/,No,,No
Annuaire national des certifiés Qualiopi by Pronéo Certification,Liste Publique des Organismes de Formation,https://www.data.gouv.fr/fr/datasets/liste-publique-des-organismes-de-formation-l-6351-7-1-du-code-du-travail/,Emploi et formation,Application,Pronéo Certification,https://www.data.gouv.fr/fr/reuses/annuaire-national-des-certifies-qualiopi-by-proneo-certification/,No,,Yes
,Associations Reconnues d'Utilité Publique,http://www.data.gouv.fr/fr/datasets/associations-reconnues-d-utilite-publique/,,,,,Yes,,Yes
Module de consultation des zonages de l'Observatoire des territoires,"Communes de la loi Montagne au Code Officiel Géographique (COG 2020->2022), Programme Action coeur de ville, Programme Petites villes de demain, Zones d'Aide à finalité régionale (AFR), Zones de Revitalisation Rurale",http://www.data.gouv.fr/fr/datasets/zones-de-revitalisation-rurale-zrr/,Politique et vie publique,Application,Observatoire des territoires,https://www.data.gouv.fr/fr/reuses/module-de-consultation-des-zonages-de-lobservatoire-des-territoires/,No,,No
Carte interactive des zones de revitalisation rurale (ZRR),Zones de Revitalisation Rurale,http://www.data.gouv.fr/fr/datasets/zones-de-revitalisation-rurale-zrr/,Politique et vie publique,Visualisation,Observatoire des territoires,https://www.data.gouv.fr/fr/reuses/carte-interactive-des-zones-de-revitalisation-rurale-zrr/,No,,Yes
Cartographie de l'indice de position sociale des écoles et collèges (France métropolitaine et DROM),Indices de position sociale dans les écoles de France métropolitaine et DROM (2016-2021),http://www.data.gouv.fr/fr/datasets/indices-de-position-sociale-dans-les-ecoles-de-france-metropolitaine-et-drom-version-2-1/,Education et recherche,Visualisation,Jérémy Garniaux,https://www.data.gouv.fr/fr/reuses/cartographie-de-lindice-de-position-sociale-des-ecoles-et-colleges-france-metropolitaine-et-drom/,No,,Yes
Inégalités scolaires - Cartographie des écoles et collèges selon leur indice de position sociale,Indices de position sociale dans les écoles de France métropolitaine et DROM (2016-2021),http://www.data.gouv.fr/fr/datasets/indices-de-position-sociale-dans-les-ecoles-de-france-metropolitaine-et-drom-version-2-1/,Education et recherche,Visualisation,Alexis Bernard,https://www.data.gouv.fr/fr/reuses/inegalites-scolaires-cartographie-des-ecoles-et-colleges-selon-leur-indice-de-position-sociale/,No,,No
TopoExport - Courbes de niveau,"Cadastre, Plan Cadastral Informatisé, Prise de vue aériennes dématérialisées de l'IGN",http://www.data.gouv.fr/fr/datasets/prises-de-vue-aeriennes-dematerialisees-de-lign/,Logement et urbanisme,Application,Topo Export,https://www.data.gouv.fr/fr/reuses/topoexport-courbes-de-niveau/,No,,Yes
remonterletemps.ign.fr,"Cartes anciennes dématérialisées, Prise de vue aériennes dématérialisées de l'IGN",http://www.data.gouv.fr/fr/datasets/prises-de-vue-aeriennes-dematerialisees-de-lign/,Logement et urbanisme,Application,IGN,https://www.data.gouv.fr/fr/reuses/remonterletemps-ign-fr/,No,,No
,Cartes anciennes dématérialisées,https://www.data.gouv.fr/fr/datasets/cartes-anciennes-dematerialisees/,,,,https://www.data.gouv.fr/fr/datasets/cartes-anciennes-dematerialisees/,No,,Yes
Code du travail numérique,"Liste des conventions collectives par entreprise (SIRET), Service-public.fr - Guide ""vos droits et démarches"" Particuliers",http://www.data.gouv.fr/fr/datasets/service-public-fr-guide-vos-droits-et-demarches-particuliers/,Emploi et formation,Application,Ministère du Travail,https://www.data.gouv.fr/fr/reuses/code-du-travail-numerique/,No,,No
Service-public.fr,"Service-public.fr - Guide ""vos droits et démarches"" Particuliers",http://www.data.gouv.fr/fr/datasets/service-public-fr-guide-vos-droits-et-demarches-particuliers/,Politique et vie publique,Application,DILA,https://www.data.gouv.fr/fr/reuses/guide-vos-droits-et-demarches-particuliers/,No,,Yes
,Fonds de carte IGN France et régions,https://www.data.gouv.fr/fr/datasets/fonds-de-carte-ign-france-et-regions-571459/,,,,,Yes,,Yes
,Référentiel Général des Armes,http://www.data.gouv.fr/fr/datasets/referentiel-general-des-armes/,,,,,Yes,,Yes
Où-vivre - Trafic moyen journalier annuel,Trafic moyen journalier annuel sur le réseau routier national,https://www.data.gouv.fr/fr/datasets/trafic-moyen-journalier-annuel-sur-le-reseau-routier-national/#/community-reuses,Logement et urbanisme,Visualisation,Où vivre,https://www.data.gouv.fr/fr/reuses/ou-vivre-trafic-moyen-journalier-annuel/,No,,Yes
E-CartoMobile,"Contours des communes de France simplifié avec régions et département d'outre-mer rapprochés, Fichier consolidé des Bornes de Recharge pour Véhicules Électriques, Trafic moyen journalier annuel sur le réseau routier national",https://www.data.gouv.fr/fr/datasets/trafic-moyen-journalier-annuel-sur-le-reseau-routier-national/#/community-reuses,Logement et urbanisme,Application,Data for Good,https://www.data.gouv.fr/fr/reuses/e-cartomobile/,No,,No
Datavise,Trafic moyen journalier annuel sur le réseau routier national,https://www.data.gouv.fr/fr/datasets/trafic-moyen-journalier-annuel-sur-le-reseau-routier-national/#/community-reuses,Transports et mobilité,Visualisation,ODU,https://www.data.gouv.fr/fr/reuses/datavise/,No,,No
SIG Ville,Quartiers prioritaires de la politique de la ville (QPV),https://www.data.gouv.fr/fr/datasets/quartiers-prioritaires-de-la-politique-de-la-ville-qpv/#/community-reuses,Politique et vie publique,Application,ANCT,https://sig.ville.gouv.fr/,No,,Yes
Site particuliers Gorenove.fr CSTB,"Base Adresse Nationale, Base des permis de construire et autres autorisations d'urbanisme (Sitadel), Quartiers prioritaires de la politique de la ville (QPV)",https://www.data.gouv.fr/fr/datasets/quartiers-prioritaires-de-la-politique-de-la-ville-qpv/#/community-reuses,Politique et vie publique,Application,CSTB,https://www.data.gouv.fr/fr/reuses/site-particuliers-gorenove-fr-cstb/,No,,No
Ekylibre,"Base Sirene des entreprises et de leurs établissements (SIREN SIRET), Cadastre, Données ouvertes du catalogue E-Phy des produits phytopharmaceutiques matières fertilisantes et supports de culture adjuvants produits mixtes et mélanges, Registre parcellaire graphique (RPG) : contours des parcelles et îlots culturaux et leur groupe de cultures majoritaire",http://www.data.gouv.fr/fr/datasets/donnees-ouvertes-du-catalogue-e-phy-des-produits-phytopharmaceutiques-matieres-fertilisantes-et-supports-de-culture-adjuvants-produits-mixtes-et-melanges/,Agriculture et alimentation,Application,Ekylibre,https://www.data.gouv.fr/fr/reuses/ekylibre/,No,,No
PhytoPharma: Catalogue Produits phytosanitaires,Données ouvertes du catalogue E-Phy des produits phytopharmaceutiques matières fertilisantes et supports de culture adjuvants produits mixtes et mélanges,http://www.data.gouv.fr/fr/datasets/donnees-ouvertes-du-catalogue-e-phy-des-produits-phytopharmaceutiques-matieres-fertilisantes-et-supports-de-culture-adjuvants-produits-mixtes-et-melanges/,Agriculture et alimentation,Application,,https://www.data.gouv.fr/fr/reuses/phytopharma-catalogue-produits-phytosanitaires/,No,,Yes
Parcelles traitables aux herbicides selon les bassins versants (Ouest Bretagne - 2021),"Données ouvertes du catalogue E-Phy des produits phytopharmaceutiques matières fertilisantes et supports de culture adjuvants produits mixtes et mélanges, Parcelles en Agriculture Biologique (AB) déclarées à la PAC",http://www.data.gouv.fr/fr/datasets/donnees-ouvertes-du-catalogue-e-phy-des-produits-phytopharmaceutiques-matieres-fertilisantes-et-supports-de-culture-adjuvants-produits-mixtes-et-melanges/,Agriculture et alimentation,Visualisation,Alexis Bourgoin,https://www.data.gouv.fr/fr/reuses/parcelles-traitables-aux-herbicides-selon-les-bassins-versants-ouest-bretagne-2021/,No,,No
Carte des Installations Classées pour la Protection de l’Environnement,Base des installations classés (ICPE),https://www.data.gouv.fr/fr/datasets/base-des-installations-classees-icpe/#/community-reuses,Environnement et énergie,Visualisation,Koumoul,https://www.data.gouv.fr/fr/reuses/carte-des-installations-classees-pour-la-protection-de-lenvironnement/,No,,Yes
TerraVisu,Zones d'Aide à finalité régionale (AFR),http://www.data.gouv.fr/fr/datasets/zones-daide-a-finalite-regionale-afr/,Politique et vie publique,Visualisation,Makina Corpus,https://www.data.gouv.fr/fr/reuses/terravisu-zonages-de-politiques-publiques/,No,,Yes
Carte interactive des zones d'aides à finalité régionale (AFR),Zones d'Aide à finalité régionale (AFR),http://www.data.gouv.fr/fr/datasets/zones-daide-a-finalite-regionale-afr/,Politique et vie publique,Visualisation,Observatoire des territoires,https://www.data.gouv.fr/fr/reuses/carte-interactive-des-zones-daides-a-finalite-regionale-afr/,No,,No
,Naissances par jour déclarées à l'Etat Civil,http://www.data.gouv.fr/fr/datasets/naissances-par-jour-declarees-a-letat-civil/,,,,,Yes,,No
Surtaxe des résidences secondaires : quel taux s'applique dans votre commune ?,Impôts locaux : fichier de recensement des éléments d'imposition à la fiscalité directe locale (REI),http://www.data.gouv.fr/fr/datasets/impots-locaux-fichier-de-recensement-des-elements-dimposition-a-la-fiscalite-directe-locale-rei-3/,Politique et vie publique,Article de presse,Fig Data,https://www.data.gouv.fr/fr/reuses/surtaxe-des-residences-secondaires-quel-taux-sapplique-dans-votre-commune/,No,,Yes
Tableau de bord de suivi de l'épidémie de coronavirus en France,"Données hospitalières relatives à l'épidémie de COVID-19, Données relatives aux personnes vaccinées contre la Covid-19, Indicateurs de suivi de l’épidémie de COVID-19, Lieux de vaccination contre la Covid-19, OLD Taux d'incidence de l'épidémie de COVID-19",http://www.data.gouv.fr/fr/datasets/donnees-hospitalieres-relatives-a-lepidemie-de-covid-19/,Santé,Application,Gouvernement,https://www.data.gouv.fr/fr/reuses/tableau-de-bord-de-suivi-de-lepidemie-de-coronavirus-en-france/,No,,Yes
Où-vivre - Compétence de la police et de la gendarmerie,Compétence territoriale gendarmerie et police nationales,https://www.data.gouv.fr/fr/datasets/competence-territoriale-gendarmerie-et-police-nationales/#/community-reuses,Sécurité,Visualisation,Où vivre,https://www.data.gouv.fr/fr/reuses/ou-vivre-competence-de-la-police-et-de-la-gendarmerie/,No,,Yes
TerraVisu - Présidentielles 2022 (résultats du 1er tour),Election présidentielle des 10 et 24 avril 2022 - Résultats définitifs du 1er tour,https://www.data.gouv.fr/fr/datasets/election-presidentielle-des-10-et-24-avril-2022-resultats-definitifs-du-1er-tour/#/community-reuses,Politique et vie publique,Application,Makina Corpus,https://www.data.gouv.fr/fr/reuses/terravisu-presidentielles-2022-resultats-du-1er-tour/,No,,Yes
Cartographie des résultats des élections,Election présidentielle des 10 et 24 avril 2022 - Résultats définitifs du 1er tour,https://www.data.gouv.fr/fr/datasets/election-presidentielle-des-10-et-24-avril-2022-resultats-definitifs-du-1er-tour/#/community-reuses,Politique et vie publique,Visualisation,Ian Offord,https://www.data.gouv.fr/fr/reuses/cartographie-des-resultats-des-elections/,No,,No
Trouver le DPO d'une structure,Organismes ayant désigné un(e) délégué(e) à la protection des données (DPD/DPO),http://www.data.gouv.fr/fr/datasets/organismes-ayant-designe-un-e-delegue-e-a-la-protection-des-donnees-dpd-dpo/,Politique et vie publique,Application,Laurent de Cavel,https://www.data.gouv.fr/fr/reuses/trouver-le-dpo-dune-structure/,No,,Yes
,Répertoire national des certifications professionnelles et répertoire spécifique,https://www.data.gouv.fr/fr/datasets/repertoire-national-des-certifications-professionnelles-et-repertoire-specifique/#/community-reuses,,,,,Yes,,Yes
DiagOriente,Répertoire Opérationnel des Métiers et des Emplois (ROME),http://www.data.gouv.fr/fr/datasets/repertoire-operationnel-des-metiers-et-des-emplois-rome/,Emploi et formation,Application,DiagOriente,https://www.data.gouv.fr/fr/reuses/identification-des-competences/,No,,Yes
Annuaire des copropriétés,Registre national d'immatriculation des copropriétés,https://www.data.gouv.fr/fr/datasets/registre-national-dimmatriculation-des-coproprietes/#/community-reuses,Logement et urbanisme,Application,Anah,https://www.registre-coproprietes.gouv.fr/annuaire,No,,Yes
Explorateur de biens vendus - DVF,"Base Adresse Nationale, Fichier FANTOIR des voies et lieux dits, Plan Cadastral Informatisé",http://www.data.gouv.fr/fr/datasets/plan-cadastral-informatise/,Logement et urbanisme,Application,Meilleurs Agents,https://www.data.gouv.fr/fr/reuses/explorateur-de-biens-vendus-dvf/,No,,No
DVF,Plan Cadastral Informatisé,http://www.data.gouv.fr/fr/datasets/plan-cadastral-informatise/,Logement et urbanisme,Application,DINUM,https://app.dvf.etalab.gouv.fr/,No,,Yes
Plan cadastral français,Plan Cadastral Informatisé,http://www.data.gouv.fr/fr/datasets/plan-cadastral-informatise/,Logement et urbanisme,Application,Koumoul,https://www.data.gouv.fr/fr/reuses/plan-cadastral-francais/,No,,No
,Fondations Reconnues d'Utilité Publique,http://www.data.gouv.fr/fr/datasets/fondations-reconnues-d-utilite-publique/,,,,,Yes,,Yes
Site cartographique - Mon Réseau Mobile,Mon Réseau Mobile,http://www.data.gouv.fr/fr/datasets/mon-reseau-mobile/,Aménagement du territoire,Application,Arcep,https://www.data.gouv.fr/fr/reuses/site-cartographique-mon-reseau-mobile/,No,,Yes
,Stationnement - Place en zone bleue,https://www.data.gouv.fr/fr/datasets/stationnement-place-en-zone-bleue-1/,,,,,Yes,,Yes
,Police municipale - Effectifs par commune,https://www.data.gouv.fr/fr/datasets/police-municipale-effectifs-par-commune/#/community-reuses,,,,,Yes,,Yes
,ACCO : Accords d'entreprise,https://www.data.gouv.fr/fr/datasets/acco-accords-dentreprise/#/community-reuses,,,,,Yes,,No
,Communes de France - Base des codes postaux,https://www.data.gouv.fr/fr/datasets/communes-de-france-base-des-codes-postaux/#/community-reuses,,,,,Yes,,Yes
,Historique des parcelles cadastrales (filiation),https://www.data.gouv.fr/fr/datasets/historique-des-parcelles-cadastrales-filiation/,,,,,Yes,,Yes
,Audience de la télévision,http://www.data.gouv.fr/fr/datasets/audience-de-la-television/,,,,,Yes,,Yes
,Répertoire des logements locatifs des bailleurs sociaux,https://www.data.gouv.fr/fr/datasets/repertoire-des-logements-locatifs-des-bailleurs-sociaux/#/community-reuses,,,,,Yes,,Yes
,Communes en Zone de Revitalisation Rurale (ZRR) en Corrèze,http://www.data.gouv.fr/fr/datasets/communes-en-zone-de-revitalisation-rurale-zrr-en-correze/,,,,,Yes,,No
"Carte interactive des communes du programme ""Action coeur de ville "" (ACV)",Programme Action coeur de ville,https://www.data.gouv.fr/fr/datasets/programme-action-coeur-de-ville/#/community-reuses,Politique et vie publique,Visualisation,Observatoire des territoires,https://www.data.gouv.fr/fr/reuses/carte-interactive-des-communes-du-programme-action-coeur-de-ville-acv/,No,,Yes
Évolution des prix de différentes énergies en France,Historique des tarifs réglementés de vente d’électricité pour les consommateurs résidentiels,https://www.data.gouv.fr/fr/datasets/historique-des-tarifs-reglementes-de-vente-delectricite-pour-les-consommateurs-residentiels/,Environnement et énergie,Visualisation,Olivier Ricou,https://www.data.gouv.fr/fr/reuses/evolution-des-prix-de-differentes-energies-en-france/,No,,Yes
Covid-19 : le tableau de bord de l’épidémie,"Données relatives aux personnes vaccinées contre la Covid-19, OLD Données relatives aux résultats des tests virologiques COVID-19",https://www.data.gouv.fr/fr/datasets/donnees-relatives-aux-personnes-vaccinees-contre-la-covid-19-1/,Santé,Visualisation,Le Monde,https://www.data.gouv.fr/fr/reuses/covid-19-le-tableau-de-bord-de-lepidemie/,No,,Yes
Délinquance enregistrée au niveau départemental et communal,Bases statistiques communale et départementale de la délinquance enregistrée par la police et la gendarmerie nationales,https://www.data.gouv.fr/fr/datasets/bases-statistiques-communale-et-departementale-de-la-delinquance-enregistree-par-la-police-et-la-gendarmerie-nationales/#/community-reuses,Sécurité,Visualisation,Ministère de l’intérieur et des outre mer,https://www.data.gouv.fr/fr/reuses/delinquance-enregistree-au-niveau-departemental-et-communal/,No,,Yes
Cartographie des indicateurs sur les crimes et délits,Bases statistiques communale et départementale de la délinquance enregistrée par la police et la gendarmerie nationales,https://www.data.gouv.fr/fr/datasets/bases-statistiques-communale-et-departementale-de-la-delinquance-enregistree-par-la-police-et-la-gendarmerie-nationales/#/community-reuses,Sécurité,Visualisation,INSEE,https://www.data.gouv.fr/fr/reuses/cartographie-des-indicateurs-sur-les-crimes-et-delits/,No,,No
,Impôts locaux,https://www.data.gouv.fr/fr/datasets/impots-locaux/#/community-reuses,,,,,Yes,,Yes
,Fichier FANTOIR des voies et lieux dits,https://www.data.gouv.fr/fr/datasets/fichier-fantoir-des-voies-et-lieux-dits/?reuses_page=2#community-reuses,,,,,No,,Yes
Karences,Table de composition nutritionnelle des aliments Ciqual,http://www.data.gouv.fr/fr/datasets/table-de-composition-nutritionnelle-des-aliments-ciqual/,Agriculture et alimentation,Application,Thibaud Estublier,https://www.data.gouv.fr/fr/reuses/karences/,No,,Yes
Cartographie interactive,Opérations coordonnées par les CROSS,https://www.data.gouv.fr/fr/reuses/cartographie-interactive-1/,Sécurité,Application,Antoine Augusti,https://www.data.gouv.fr/fr/reuses/cartographie-interactive-1/,No,,No
,Films ayant réalisé plus d'un million d'entrées,https://www.data.gouv.fr/fr/datasets/films-ayant-realise-plus-dun-million-dentrees/#/community-reuses,,,,,Yes,,No
Spatul,"Open Food Facts - Produits alimentaires : ingrédients nutrition labels, Table de composition nutritionnelle des aliments Ciqual",http://www.data.gouv.fr/fr/datasets/table-de-composition-nutritionnelle-des-aliments-ciqual/,Agriculture et alimentation,Application,Thomas B,https://www.data.gouv.fr/fr/reuses/spatul/,No,,No
L’Open Data pour lutter contre l’artificialisation des sols,CORINE Land Cover - Occupation des sols en France,https://www.data.gouv.fr/fr/datasets/corine-land-cover-occupation-des-sols-en-france/#/community-reuses,Aménagement du territoire,Visualisation,Spallian,https://www.data.gouv.fr/fr/reuses/lopen-data-pour-lutter-contre-lartificialisation-des-sols/,No,,Yes
Application Lyzo,Résultats du contrôle sanitaire de l'eau distribuée commune par commune,https://www.data.gouv.fr/fr/datasets/resultats-du-controle-sanitaire-de-leau-distribuee-commune-par-commune/#/community-reuses,Santé,Application,Lyzo,https://www.data.gouv.fr/fr/reuses/application-lyzo-qualite-de-leau/,No,,Yes
Visualisation des données sur les prix des carburants,"Base Adresse Nationale, Prix des carburants en France - Flux instantané",https://www.data.gouv.fr/fr/datasets/prix-des-carburants-en-france-flux-instantane-v2-amelioree/#/community-reuses,Economie et entreprise,Visualisation,data.gouv.fr,https://www.data.gouv.fr/fr/reuses/visualisation-des-donnees-sur-les-prix-des-carburants/,No,,No
Votre eau du robinet est-elle radioactive ? Découvrez-le grâce à notre moteur de recherche,Résultats du contrôle sanitaire de l'eau distribuée commune par commune,https://www.data.gouv.fr/fr/datasets/resultats-du-controle-sanitaire-de-leau-distribuee-commune-par-commune/#/community-reuses,Santé,Article de presse,Mediapart,https://www.data.gouv.fr/fr/reuses/votre-eau-du-robinet-est-elle-radioactive-decouvrez-le-grace-a-notre-moteur-de-recherche/,No,,No
Nucléaire : il y a des atomes radioactifs dans votre verre d’eau,Résultats du contrôle sanitaire de l'eau distribuée commune par commune,https://www.data.gouv.fr/fr/datasets/resultats-du-controle-sanitaire-de-leau-distribuee-commune-par-commune/#/community-reuses,Santé,Article de presse,Médiapart,https://www.data.gouv.fr/fr/reuses/nucleaire-il-y-a-des-atomes-radioactifs-dans-votre-verre-deau/,No,,No
Moteur de recherche des professionnels RGE - Annuaire des Entreprises,Liste des entreprises RGE,http://www.data.gouv.fr/fr/datasets/liste-des-entreprises-rge-1/,Economie et entreprise,Application,Annuaire des entreprises,https://www.data.gouv.fr/fr/reuses/moteur-de-recherche-des-professionnels-rge-annuaire-des-entreprises/,No,,Yes
Annuaire des collectivités,"FINESS Extraction du Fichier des établissements, Répertoire national des élus, Service-public.fr - Annuaire de l’administration - Base de données locales",http://www.data.gouv.fr/fr/datasets/repertoire-national-des-elus-1/,Politique et vie publique,Application,Incubateur des territoires,https://www.data.gouv.fr/fr/reuses/annuaire-des-collectivites/,No,,Yes
Osmose-QA,Code Officiel Géographique (COG),http://www.data.gouv.fr/fr/datasets/code-officiel-geographique-cog/,Aménagement du territoire,Application,,https://www.data.gouv.fr/fr/reuses/osmose-qa/,No,,Yes
CARTElette - Création de couches cartographiques à partir du code officiel géographique (COG) et des couches IGN,Code Officiel Géographique (COG),http://www.data.gouv.fr/fr/datasets/code-officiel-geographique-cog/,Autres,,Kim Antunez,https://www.data.gouv.fr/fr/reuses/cartelette-creation-de-couches-cartographiques-a-partir-du-code-officiel-geographique-cog-et-des-couches-ign/,No,,No
Aux Alentours par MAIF,"Base officielle des codes postaux, Code Officiel Géographique (COG)",http://www.data.gouv.fr/fr/datasets/code-officiel-geographique-cog/,Aménagement du territoire,Application,MAIF,https://www.data.gouv.fr/fr/reuses/aux-alentours-par-maif/,No,,No
,Pluviométrie,http://www.data.gouv.fr/fr/datasets/pluviometrie/,,,,,Yes,,No
,Interventions réalisées par les services d'incendie et de secours,http://www.data.gouv.fr/fr/datasets/interventions-realisees-par-les-services-d-incendie-et-de-secours/,,,,,Yes,,Yes
,Liste des automates en bureaux de poste,http://www.data.gouv.fr/fr/datasets/liste-des-automates-en-bureaux-de-poste-1/,,,,,Yes,Archivé,No
Carte interactive des communes de montagne au titre du droit de l'urbanisme,Communes de la loi Montagne au Code Officiel Géographique (COG 2020->2022),https://www.data.gouv.fr/fr/datasets/communes-de-la-loi-montagne-au-code-officiel-geographique-cog-2020-2022/#/community-reuses,Politique et vie publique,Visualisation,Observatoire des territoires,https://www.data.gouv.fr/fr/reuses/carte-interactive-des-communes-de-montagne-au-titre-du-droit-de-lurbanisme/,No,,Yes
,Jours fériés en France,http://www.data.gouv.fr/fr/datasets/jours-feries-en-france/,,,,,Yes,,Yes
,Données de laboratoires pour le dépistage (A COMPTER DU 18/05/2022) - SI-DEP,http://www.data.gouv.fr/fr/datasets/donnees-de-laboratoires-pour-le-depistage-a-compter-du-18-05-2022-si-dep/,,,,,Yes,,No
,Playlist Radio NRJ 09-2012/10-2012 & 07-2012/08-2012,http://www.data.gouv.fr/fr/datasets/playlist-radio-nrj-09-2012-10-2012-07-2012-08-2012/,,,,,Yes,,No
Cartographie nationale des Défibrillateurs déclarés à la base Géo'DAE,Géo'DAE - Base Nationale des Défibrillateurs,http://www.data.gouv.fr/fr/datasets/geodae-base-nationale-des-defibrillateurs/,Santé,Visualisation,"Association Française de Prévention, Alerte et Information des Citoyens (AFPAIC)",https://www.data.gouv.fr/fr/reuses/cartographie-nationale-des-defibrillateurs-declares-a-la-base-geodae/,No,,Yes
,Annuaire des diagnostiqueurs immobiliers,http://www.data.gouv.fr/fr/datasets/annuaire-des-diagnostiqueurs-immobiliers/,,,,,Yes,,Yes
insitu.app,"BODACC, Base Sirene des entreprises et de leurs établissements (SIREN SIRET), FINESS Extraction du Fichier des établissements, Répertoire National des Associations, Service-public.fr - Annuaire de l’administration - Base de données locales",http://www.data.gouv.fr/fr/datasets/repertoire-national-des-associations/,Politique et vie publique,Application,insitu.app,https://www.data.gouv.fr/fr/reuses/application-mobile-dinformation-territoriale-alimentee-par-lopendata/,No,,No
Pappers,Répertoire National des Associations,http://www.data.gouv.fr/fr/datasets/repertoire-national-des-associations/,Politique et vie publique,Application,Pappers,https://www.data.gouv.fr/fr/reuses/siren-comment-trouver-le-numero-dune-entreprise/,No,,No
Journal Officiel,Répertoire National des Associations,https://www.data.gouv.fr/fr/datasets/repertoire-national-des-associations/#/community-reuses,Politique et vie publique,Visualisation,Journal Officiel,https://www.journal-officiel.gouv.fr/pages/associations-recherche/?reinitrefine=1&sort=cronosort&disjunctive.source,No,,Yes
TerraVisu - Loyers d'annonce d'appartements moyens au m² par commune,"""Carte des loyers"" - Indicateurs de loyers d'annonce par commune en 2022",http://www.data.gouv.fr/fr/datasets/carte-des-loyers-indicateurs-de-loyers-dannonce-par-commune-en-2022/,Logement et urbanisme,Visualisation,Makina Corpus,https://www.data.gouv.fr/fr/reuses/terravisu-loyers-dannonce-dappartements-moyens-au-m2-par-commune/,No,,Yes
Où vivre - Indicateurs de loyers appartement et maison,"""Carte des loyers"" - Indicateurs de loyers d'annonce par commune en 2022",http://www.data.gouv.fr/fr/datasets/carte-des-loyers-indicateurs-de-loyers-dannonce-par-commune-en-2022/,Logement et urbanisme,Visualisation,Où vivre,https://www.data.gouv.fr/fr/reuses/ou-vivre-indicateurs-de-loyers-appartement-et-maison/,No,,No
iudo.co,"Base Adresse Nationale, Base de données nationale des bâtiments, Base des permis de construire et autres autorisations d'urbanisme (Sitadel), Cadastre, Demandes de valeurs foncières géolocalisées",https://www.data.gouv.fr/fr/datasets/base-adresse-nationale/,Aménagement du territoire,Application,iudo.co,https://www.data.gouv.fr/fr/reuses/iudo-app/,No,,No
Portrait des Petites Villes de Demain,"""Carte des loyers"" - Indicateurs de loyers d'annonce par commune en 2022",http://www.data.gouv.fr/fr/datasets/carte-des-loyers-indicateurs-de-loyers-dannonce-par-commune-en-2022/,Logement et urbanisme,Visualisation,Spallian,https://www.data.gouv.fr/fr/reuses/portrait-des-petites-villes-de-demain/,No,,No
Place des Entreprises - Le service public des TPE & PME pour un conseil personnalisé et de proximité,Base Adresse Nationale,https://www.data.gouv.fr/fr/datasets/base-adresse-nationale/,Economie et entreprise,Application,Place des entreprises,https://www.data.gouv.fr/fr/reuses/place-des-entreprises-le-service-public-des-tpe-pme-pour-un-conseil-personnalise-et-de-proximite/,No,,Yes
Ici,Base Adresse Nationale,https://www.data.gouv.fr/fr/datasets/base-adresse-nationale/,,Application,Julien Dubedout,https://www.data.gouv.fr/fr/reuses/ici/,No,,No
Plaques du matrimoine,Base Adresse Nationale,https://www.data.gouv.fr/fr/datasets/base-adresse-nationale/,Aménagement du territoire,Visualisation,Philippe Gambette,https://www.data.gouv.fr/fr/reuses/plaques-du-matrimoine/,No,,No
,Mariages par jour déclarés à l'État Civil,http://www.data.gouv.fr/fr/datasets/mariages-par-jour-declares-a-letat-civil/,,,,,Yes,,No
Itineriz - Déplacements professionnels JOP Paris 2024,Base Adresse Nationale,https://www.data.gouv.fr/fr/datasets/base-adresse-nationale/,Transports et mobilité,Visualisation,Allohouston,https://www.data.gouv.fr/fr/reuses/itineriz-deplacements-professionnels-jop-paris-2024/,No,,No
,Base des sols pollués,http://www.data.gouv.fr/fr/datasets/base-des-sols-pollues/,,,,,Yes,,Yes
meteo-parapente.com,"Contours des départements français issus d'OpenStreetMap, Découpage administratif communal français issu d'OpenStreetMap",https://www.data.gouv.fr/fr/datasets/decoupage-administratif-communal-francais-issu-d-openstreetmap/,Culture et loisirs,Application,OpenStreetMap France,https://www.data.gouv.fr/fr/reuses/meteo-parapente-com/,No,,No
GéoGrappe,Découpage administratif communal français issu d'OpenStreetMap,https://www.data.gouv.fr/fr/datasets/decoupage-administratif-communal-francais-issu-d-openstreetmap/,Agriculture et alimentation,Application,GéoGrappe,https://www.data.gouv.fr/fr/reuses/geograppe/,No,,Yes
Villagile,Découpage administratif communal français issu d'OpenStreetMap,https://www.data.gouv.fr/fr/datasets/decoupage-administratif-communal-francais-issu-d-openstreetmap/,Aménagement du territoire,Application,Suez Smart Solutions,https://www.data.gouv.fr/fr/reuses/villagile/,No,,No
,Données essentielles de la commande publique - fichiers consolidés,http://www.data.gouv.fr/fr/datasets/donnees-essentielles-de-la-commande-publique-fichiers-consolides/,,,,,Yes,,Yes
,Emplacement des distributeurs de préservatifs,http://www.data.gouv.fr/fr/datasets/emplacement-des-distributeurs-de-preservatifs-rdl/,,,,,Yes,,No
Calendrier scolaire,Le calendrier scolaire,https://www.data.gouv.fr/fr/datasets/le-calendrier-scolaire/#/community-reuses,Education et recherche,Visualisation,Koumoul,https://www.data.gouv.fr/fr/reuses/calendrier-scolaire/,No,,Yes
Diagnostic mobilité,Contours des communes de France simplifié avec régions et département d'outre-mer rapprochés,https://www.data.gouv.fr/fr/datasets/contours-des-communes-de-france-simplifie-avec-regions-et-departement-doutre-mer-rapproches/#/community-reuses,Transports et mobilité,Application,Bruno Iratchet,https://www.data.gouv.fr/fr/reuses/diagnostic-mobilite/,No,,Yes
,Valeurs immobilières économiques et financières de 1800 à 2020,https://www.data.gouv.fr/fr/datasets/valeurs-immobilieres-economiques-et-financieres-de-1800-a-2020/,,,,,Yes,,No
Carte intéractive du taux de la taxe foncière sur les propriétés bâties par commune en 2023,Contours des communes de France simplifié avec régions et département d'outre-mer rapprochés,https://www.data.gouv.fr/fr/datasets/contours-des-communes-de-france-simplifie-avec-regions-et-departement-doutre-mer-rapproches/#/community-reuses,Politique et vie publique,Visualisation,Alexis Marion,https://www.data.gouv.fr/fr/reuses/carte-interactive-du-taux-de-la-taxe-fonciere-sur-les-proprietes-baties-par-commune-en-2023/,No,,No
"Où Débroussailler, application de visualisation des obligations légales de débroussaillement",Cadastre,http://www.data.gouv.fr/fr/datasets/cadastre/,Environnement et énergie,Application,optim.aize,https://www.data.gouv.fr/fr/reuses/ou-debroussailler-application-de-visualisation-des-obligations-legales-de-debroussaillement/,No,,Yes
CartoBio,"Cadastre, Parcelles en Agriculture Biologique (AB) déclarées à la PAC",http://www.data.gouv.fr/fr/datasets/cadastre/,Agriculture et alimentation,Application,CartoBio,https://www.data.gouv.fr/fr/reuses/cartobio/,No,,No
,Inventaire des sites pollués,https://www.data.gouv.fr/fr/datasets/inventaire-des-sites-pollues/,,,,,Yes,,No
,Liste des Immeubles protégés au titre des Monuments Historiques (archives),http://www.data.gouv.fr/fr/datasets/liste-des-immeubles-proteges-au-titre-des-monuments-historiques-archives/,,,,,Yes,,No
,Indicateurs de suivi de l’épidémie de COVID-19,https://www.data.gouv.fr/fr/datasets/indicateurs-de-suivi-de-lepidemie-de-covid-19/,,,,,No,,No
,OLD Données relatives aux résultats des tests virologiques COVID-19,https://www.data.gouv.fr/fr/datasets/old-donnees-relatives-aux-resultats-des-tests-virologiques-covid-19/?reuses_page=3#community-reuses,,,,,No,,No
Changement climatique : combien de canicules chez vous ?,Contours des départements français issus d'OpenStreetMap,https://www.data.gouv.fr/fr/datasets/contours-des-departements-francais-issus-d-openstreetmap/,Environnement et énergie,Application,Callendar,https://www.data.gouv.fr/fr/reuses/changement-climatique-combien-de-canicules-chez-vous/,No,,Yes
Site cartographique - CarteFibre,Le marché du haut et très haut débit fixe (déploiements),https://www.data.gouv.fr/fr/datasets/le-marche-du-haut-et-tres-haut-debit-fixe-deploiements/?reuses_page=2#community-reuses,Aménagement du territoire,Visualisation,ARCEP,https://www.data.gouv.fr/fr/reuses/site-cartographique-cartefibre/,No,,Yes
,Catalogue des données de data.gouv.fr,https://www.data.gouv.fr/fr/datasets/catalogue-des-donnees-de-data-gouv-fr/#/community-reuses,,,,,Yes,,Yes
,Prix des Terrains à batir en France,http://www.data.gouv.fr/fr/datasets/prix-des-terrains-a-batir-en-france/,,,,,Yes,,No
,Lieux de vaccination Covid-19 (pharmacies) - Santé.fr,http://www.data.gouv.fr/fr/datasets/lieux-de-vaccination-covid-19-pharmacies-sante-fr/,,,,,Yes,,No
Les coiffeurs sont des blagueurs,Base Sirene des entreprises et de leurs établissements (SIREN SIRET),http://www.data.gouv.fr/fr/datasets/base-sirene-des-entreprises-et-de-leurs-etablissements-siren-siret/,Economie et entreprise,Visualisation,Tif Air,https://www.data.gouv.fr/fr/reuses/les-coiffeurs-sont-des-blagueurs/,No,,Yes
Signaux Faibles,"BODACC, Base Sirene des entreprises et de leurs établissements (SIREN SIRET)",http://www.data.gouv.fr/fr/datasets/base-sirene-des-entreprises-et-de-leurs-etablissements-siren-siret/,Economie et entreprise,Application,"Ministère de l’économie, des finances et de la souveraineté industrielle et numérique",https://www.data.gouv.fr/fr/reuses/signaux-faibles-outil-de-detection-des-entreprises-en-risque-de-defaillance/,No,,No
Place des Entreprises - Le service public des TPE & PME pour un conseil personnalisé et de proximité,Base Sirene des entreprises et de leurs établissements (SIREN SIRET),http://www.data.gouv.fr/fr/datasets/base-sirene-des-entreprises-et-de-leurs-etablissements-siren-siret/,Economie et entreprise,Application,"Ministère de l’économie, des finances et de la souveraineté industrielle et numérique",https://www.data.gouv.fr/fr/reuses/place-des-entreprises-le-service-public-des-tpe-pme-pour-un-conseil-personnalise-et-de-proximite/,No,,No
Carte de la densité des professionnels de santé en France,Base Sirene des entreprises et de leurs établissements (SIREN SIRET),http://www.data.gouv.fr/fr/datasets/base-sirene-des-entreprises-et-de-leurs-etablissements-siren-siret/,Economie et entreprise,Visualisation,Arctique,https://www.data.gouv.fr/fr/reuses/carte-de-la-densite-des-professionnels-de-sante-en-france/,No,,No
Dataviz Petites Villes de Demain,Base Sirene des entreprises et de leurs établissements (SIREN SIRET),http://www.data.gouv.fr/fr/datasets/base-sirene-des-entreprises-et-de-leurs-etablissements-siren-siret/,Economie et entreprise,Visualisation,Spallian / Banque des territoires,https://www.data.gouv.fr/fr/reuses/dataviz-petites-villes-de-demain/,No,,No
Moteur de recherche des personnes décédées (matchID),Fichier des personnes décédées,https://www.data.gouv.fr/fr/datasets/fichier-des-personnes-decedees/,Société et démographie,Application,,https://www.data.gouv.fr/fr/reuses/moteur-de-recherche-des-personnes-decedees-matchid/,No,,Yes
INSEEHOP : algorithme libre sous R d'appariement massif au fichier des personnes décédées,Fichier des personnes décédées,https://www.data.gouv.fr/fr/datasets/fichier-des-personnes-decedees/,Société et démographie,,Vianney GUARDIOLLE,https://www.data.gouv.fr/fr/reuses/inseehop-algorithme-libre-sous-r-dappariement-massif-au-fichier-des-personnes-decedees/,No,,No
Plateforme de recherches des personnes décédées,Fichier des personnes décédées,https://www.data.gouv.fr/fr/datasets/fichier-des-personnes-decedees/,Société et démographie,Application,Florian Cassayre,https://www.data.gouv.fr/fr/reuses/plateforme-de-recherches-des-personnes-decedees/,No,,No
Décès en France,Fichier des personnes décédées,https://www.data.gouv.fr/fr/datasets/fichier-des-personnes-decedees/,Société et démographie,Application,WebLogin,https://www.data.gouv.fr/fr/reuses/deces-en-france/,No,,No
Age des personnes décédées,Fichier des personnes décédées,https://www.data.gouv.fr/fr/datasets/fichier-des-personnes-decedees/,Société et démographie,Visualisation,Koumoul,https://www.data.gouv.fr/fr/reuses/age-des-personnes-decedees/,No,,No
,OLD Taux d'incidence de l'épidémie de COVID-19,http://www.data.gouv.fr/fr/datasets/old-taux-dincidence-de-lepidemie-de-covid-19/,,,,,Yes,,Yes
Batisto,Base de données nationale des bâtiments,http://www.data.gouv.fr/fr/datasets/base-de-donnees-nationale-des-batiments/,Logement et urbanisme,Application,https://www.data.gouv.fr/fr/organizations/direction-regionale-et-interdepartementale-de-lenvironnement-de-lamenagement-et-des-transports-1/,https://www.data.gouv.fr/fr/reuses/batistato/,No,,Yes
Zéro Logement Vacant,Base de données nationale des bâtiments,http://www.data.gouv.fr/fr/datasets/base-de-donnees-nationale-des-batiments/,Logement et urbanisme,Application,Zéro Logement Vacant,https://www.data.gouv.fr/fr/reuses/cibler-les-passoires-energetiques/,No,,No
France Chaleur Urbaine,Base de données nationale des bâtiments,http://www.data.gouv.fr/fr/datasets/base-de-donnees-nationale-des-batiments/,Logement et urbanisme,Application,France Chaleur Urbaine,https://www.data.gouv.fr/fr/reuses/carte-france-chaleur-urbaine/,No,,No
Application Gorenove Bailleurs,Base de données nationale des bâtiments,http://www.data.gouv.fr/fr/datasets/base-de-donnees-nationale-des-batiments/,Logement et urbanisme,Application,CSTB,https://www.data.gouv.fr/fr/reuses/application-gorenove-bailleurs/,No,,No
Site particuliers Gorenove.fr,Base de données nationale des bâtiments,http://www.data.gouv.fr/fr/datasets/base-de-donnees-nationale-des-batiments/,Logement et urbanisme,Application,CSTB,https://www.data.gouv.fr/fr/reuses/site-particuliers-gorenove-fr-cstb/,No,,No
,Entreprises du Patrimoine Vivant,http://www.data.gouv.fr/fr/datasets/entreprises-du-patrimoine-vivant/,,,,,Yes,,No
Analyse exploratoire,Fichier consolidé des Bornes de Recharge pour Véhicules Électriques,http://www.data.gouv.fr/fr/datasets/fichier-consolide-des-bornes-de-recharge-pour-vehicules-electriques/,Transports et mobilité,Visualisation,Alexander Mikheev,https://www.data.gouv.fr/fr/reuses/analyse-exploratoire/,No,,Yes
EVPULSE,Fichier consolidé des Bornes de Recharge pour Véhicules Électriques,http://www.data.gouv.fr/fr/datasets/fichier-consolide-des-bornes-de-recharge-pour-vehicules-electriques/,Transports et mobilité,Visualisation,https://www.data.gouv.fr/fr/users/tarik-moussaoui-1/,,No,,No
Accessibilités des bornes de recharges pour voiture électriques,Fichier consolidé des Bornes de Recharge pour Véhicules Électriques,http://www.data.gouv.fr/fr/datasets/fichier-consolide-des-bornes-de-recharge-pour-vehicules-electriques/,Transports et mobilité,Visualisation,ODU,https://www.data.gouv.fr/fr/reuses/accessibilites-des-bornes-de-recharges-pour-voiture-electriques/,No,,No
TerraVisu - Part des parcelles cultivées en bio,Registre parcellaire graphique (RPG) : contours des parcelles et îlots culturaux et leur groupe de cultures majoritaire,https://www.data.gouv.fr/fr/datasets/registre-parcellaire-graphique-rpg-contours-des-parcelles-et-ilots-culturaux-et-leur-groupe-de-cultures-majoritaire/?reuses_page=2#community-reuses,Agriculture et alimentation,Visualisation,Makina Corpus,https://www.data.gouv.fr/fr/reuses/terravisu-part-des-parcelles-cultivees-en-bio/,No,,Yes
TerraVisu - Cultures,Registre parcellaire graphique (RPG) : contours des parcelles et îlots culturaux et leur groupe de cultures majoritaire,https://www.data.gouv.fr/fr/datasets/registre-parcellaire-graphique-rpg-contours-des-parcelles-et-ilots-culturaux-et-leur-groupe-de-cultures-majoritaire/?reuses_page=2#community-reuses,Agriculture et alimentation,Visualisation,Makina Corpus,https://www.data.gouv.fr/fr/reuses/terravisu-cultures/,No,,No
BeeGIS - Bee Geographic Information System,Registre parcellaire graphique (RPG) : contours des parcelles et îlots culturaux et leur groupe de cultures majoritaire,https://www.data.gouv.fr/fr/datasets/registre-parcellaire-graphique-rpg-contours-des-parcelles-et-ilots-culturaux-et-leur-groupe-de-cultures-majoritaire/?reuses_page=2#community-reuses,Agriculture et alimentation,Application,ITSAP,https://www.data.gouv.fr/fr/reuses/beegis-bee-geographic-information-system/,No,,No
Carte interactive des communes du programme Petites villes de demain (PVD),Programme Petites villes de demain,https://www.data.gouv.fr/fr/datasets/programme-petites-villes-de-demain/,Politique et vie publique,Visualisation,Observatoire des territoires,https://www.data.gouv.fr/fr/reuses/carte-interactive-des-communes-du-programme-petites-villes-de-demain-pvd/,No,,No
Terrains Connus,Registre parcellaire graphique (RPG) : contours des parcelles et îlots culturaux et leur groupe de cultures majoritaire,https://www.data.gouv.fr/fr/datasets/registre-parcellaire-graphique-rpg-contours-des-parcelles-et-ilots-culturaux-et-leur-groupe-de-cultures-majoritaire/?reuses_page=2#community-reuses,Aménagement du territoire,Visualisation,Terrains connus,https://www.data.gouv.fr/fr/reuses/terrains-connus/,No,,No
Annuaire de l'administration de Service Public,Service-public.fr - Annuaire de l’administration - Base de données locales,https://www.data.gouv.fr/fr/datasets/service-public-fr-annuaire-de-l-administration-base-de-donnees-locales/#/community-reuses,Politique et vie publique,Application,Premier ministre,https://www.data.gouv.fr/fr/reuses/annuaire-de-ladministration-de-service-public/,No,,Yes
PODOR : Plus de 2 milliards d'arbres géolocalisés en France,Service-public.fr - Annuaire de l’administration - Base de données locales,https://www.data.gouv.fr/fr/datasets/service-public-fr-annuaire-de-l-administration-base-de-donnees-locales/#/community-reuses,Environnement et énergie,Application,Garab AI,https://www.data.gouv.fr/fr/reuses/podor-plus-de-2-milliards-darbres-geolocalises-en-france/,No,,No
"Ventes immobilières : cartographier, comparer, analyser les transactions",Demandes de valeurs foncières géolocalisées,https://www.data.gouv.fr/fr/datasets/demandes-de-valeurs-foncieres-geolocalisees/,Logement et urbanisme,Visualisation,Spallian,https://www.data.gouv.fr/fr/reuses/ventes-immobilieres-cartographier-comparer-analyser-les-transactions/,No,,Yes
Tableau de bord des prix de l'immobilier en France,Demandes de valeurs foncières géolocalisées,https://www.data.gouv.fr/fr/datasets/demandes-de-valeurs-foncieres-geolocalisees/,Logement et urbanisme,Visualisation,Boris Mericksay,https://www.data.gouv.fr/fr/reuses/tableau-de-bord-des-prix-de-limmobilier-en-france/,No,,No
Explorateur de données de valeur foncière (DVF),"Demandes de valeurs foncières, Demandes de valeurs foncières géolocalisées",https://www.data.gouv.fr/fr/datasets/demandes-de-valeurs-foncieres-geolocalisees/,Logement et urbanisme,Visualisation,data.gouv.fr,https://www.data.gouv.fr/fr/reuses/explorateur-de-donnees-de-valeur-fonciere-dvf/,No,,No
"Vente des Notaire par Rue , prix au m2",Demandes de valeurs foncières géolocalisées,https://www.data.gouv.fr/fr/datasets/demandes-de-valeurs-foncieres-geolocalisees/,Logement et urbanisme,Application,HomeOpen,https://www.data.gouv.fr/fr/reuses/vente-des-notaire-par-rue-prix-au-m2/,No,,No
Carte des demandes de valeurs foncières - France,Demandes de valeurs foncières géolocalisées,https://www.data.gouv.fr/fr/datasets/demandes-de-valeurs-foncieres-geolocalisees/,Logement et urbanisme,Visualisation,Koumoul,https://www.data.gouv.fr/fr/reuses/carte-des-demandes-de-valeurs-foncieres-france/,No,,No
Prix et ventes des terres agricoles autour de chez vous,Demandes de valeurs foncières géolocalisées,https://www.data.gouv.fr/fr/datasets/demandes-de-valeurs-foncieres-geolocalisees/,Aménagement du territoire,Application,Hectarea,https://www.data.gouv.fr/fr/reuses/prix-et-ventes-des-terres-agricoles-autour-de-chez-vous/,No,,No
,Carte des départements,https://www.data.gouv.fr/fr/datasets/carte-des-departements-2-1/#/community-reuses,,,,,Yes,,Yes
Carte des permis d'aménagement depuis 2013 en France - SITADEL,Base des permis de construire et autres autorisations d'urbanisme (Sitadel),https://www.data.gouv.fr/fr/datasets/base-des-permis-de-construire-et-autres-autorisations-durbanisme-sitadel/,Logement et urbanisme,Visualisation,Koumoul,https://www.data.gouv.fr/fr/reuses/carte-des-permis-damenagement-depuis-2013-en-france-sitadel/,No,,Yes
Carte des permis de démolir en France - Sitadel,Base des permis de construire et autres autorisations d'urbanisme (Sitadel),https://www.data.gouv.fr/fr/datasets/base-des-permis-de-construire-et-autres-autorisations-durbanisme-sitadel/,Logement et urbanisme,Visualisation,Koumoul,https://www.data.gouv.fr/fr/reuses/carte-des-permis-de-demolir-en-france-sitadel/,No,,No
Carte des permis de construire et déclarations préalables de locaux depuis 2017 - SITADEL,Base des permis de construire et autres autorisations d'urbanisme (Sitadel),https://www.data.gouv.fr/fr/datasets/base-des-permis-de-construire-et-autres-autorisations-durbanisme-sitadel/,Logement et urbanisme,Visualisation,Koumoul,https://www.data.gouv.fr/fr/reuses/carte-des-permis-de-construire-et-declarations-prealables-de-locaux-depuis-2017-sitadel/,No,,No
Carte des permis de construire et de déclarations préalables de logements en France - Sitadel,Base des permis de construire et autres autorisations d'urbanisme (Sitadel),https://www.data.gouv.fr/fr/datasets/base-des-permis-de-construire-et-autres-autorisations-durbanisme-sitadel/,Logement et urbanisme,Visualisation,Koumoul,https://www.data.gouv.fr/fr/reuses/carte-des-permis-de-construire-et-de-declarations-prealables-de-logements-en-france-sitadel/,No,,No
,FINESS Extraction du Fichier des établissements,https://www.data.gouv.fr/fr/datasets/finess-extraction-du-fichier-des-etablissements/#/community-reuses,,,,,No,,Yes
,Emissions de CO2 et de polluants des véhicules commercialisés en France,https://www.data.gouv.fr/fr/datasets/emissions-de-co2-et-de-polluants-des-vehicules-commercialises-en-france/,,,,,Yes,,No
egapro.fr,Liste des conventions collectives par entreprise (SIRET),https://www.data.gouv.fr/fr/datasets/liste-des-conventions-collectives-par-entreprise-siret/,Economie et entreprise,Visualisation,egapro.fr,https://www.data.gouv.fr/fr/reuses/agir-pour-legalite-professionnelle-1/,No,,No
Mobility Planner the Treep,Base officielle des codes postaux,https://www.data.gouv.fr/fr/datasets/base-officielle-des-codes-postaux/#/community-reuses,Transports et mobilité,Application,The Treep,https://www.data.gouv.fr/fr/reuses/mobility-planner-the-treep/,No,,Yes
"À la radio et à la télé, les femmes parlent deux fois moins que les hommes",Temps de parole des hommes et des femmes à la télévision et à la radio,https://www.data.gouv.fr/fr/datasets/temps-de-parole-des-hommes-et-des-femmes-a-la-television-et-a-la-radio/#/community-reuses,Société et démographie,Article de presse,David Doukhan,https://www.data.gouv.fr/fr/reuses/a-la-radio-et-a-la-tele-les-femmes-parlent-deux-fois-moins-que-les-hommes/,No,,No
Répartition du temps de parole dans les médias : une horloge parlante,Temps de parole des hommes et des femmes à la télévision et à la radio,https://www.data.gouv.fr/fr/datasets/temps-de-parole-des-hommes-et-des-femmes-a-la-television-et-a-la-radio/#/community-reuses,Société et démographie,Visualisation,Julia Descamps,https://www.data.gouv.fr/fr/reuses/repartition-du-temps-de-parole-dans-les-medias-une-horloge-parlante/,No,,No
Baromètre du covoiturage quotidien,Trajets réalisés en covoiturage - Registre de preuve de covoiturage,https://www.data.gouv.fr/fr/datasets/trajets-realises-en-covoiturage-registre-de-preuve-de-covoiturage/,Transports et mobilité,Visualisation,Klaxit,https://www.data.gouv.fr/fr/reuses/barometre-du-covoiturage-quotidien/,No,,Yes
"Observatoire du covoiturage ",Trajets réalisés en covoiturage - Registre de preuve de covoiturage,https://www.data.gouv.fr/fr/datasets/trajets-realises-en-covoiturage-registre-de-preuve-de-covoiturage/,Transports et mobilité,Visualisation,Observatoire du covoiturage,https://observatoire.covoiturage.gouv.fr/,No,,No
Covid-19 : le tableau de bord de l’épidémie,Synthèse des indicateurs de suivi de l'épidémie COVID-19,https://www.data.gouv.fr/fr/datasets/synthese-des-indicateurs-de-suivi-de-lepidemie-covid-19/,Santé,Visualisation,Le Monde,https://www.data.gouv.fr/fr/reuses/covid-19-le-tableau-de-bord-de-lepidemie/,No,,Yes
,Demandes de valeurs foncières,https://www.data.gouv.fr/fr/datasets/demandes-de-valeurs-foncieres/,Logement et urbanisme,Visualisation,,,No,,Yes
,Liste noire d'URLs,https://www.data.gouv.fr/fr/datasets/liste-noire-durls/,,,,,Yes,,Yes
Délits & Infractions en Île-de-France,Crimes et délits enregistrés par les services de gendarmerie et de police depuis 2012,https://www.data.gouv.fr/fr/datasets/crimes-et-delits-enregistres-par-les-services-de-gendarmerie-et-de-police-depuis-2012/,Sécurité,Visualisation,MYDRAL,https://www.data.gouv.fr/fr/reuses/delits-infractions-en-ile-de-france/,No,,Yes
,OBSOLÈTE : Le calendrier scolaire 2019-2020 et 2020-2021 / Format iCal,,,,,,Yes,N’existe plus,Yes
L'évolution des accidents sur les routes françaises depuis 2005,Bases de données annuelles des accidents corporels de la circulation routière - Années de 2005 à 2022,https://www.data.gouv.fr/fr/datasets/bases-de-donnees-annuelles-des-accidents-corporels-de-la-circulation-routiere-annees-de-2005-a-2022/,Transports et mobilité,Visualisation,Kevin Lamarque,https://www.data.gouv.fr/fr/reuses/levolution-des-accidents-sur-les-routes-francaises-depuis-2005/,No,,Yes
Evolution de la sécurité routière depuis 1968 à nos jours,Bases de données annuelles des accidents corporels de la circulation routière - Années de 2005 à 2022,https://www.data.gouv.fr/fr/datasets/bases-de-donnees-annuelles-des-accidents-corporels-de-la-circulation-routiere-annees-de-2005-a-2022/,Transports et mobilité,Visualisation,Cerema,https://www.data.gouv.fr/fr/reuses/evolution-de-la-securite-routiere-depuis-1968-a-nos-jours/,No,,No
Tous en selle à Paris avec le plan vélo (2015-2020) : quels risques pour le cycliste ?,Bases de données annuelles des accidents corporels de la circulation routière - Années de 2005 à 2022,https://www.data.gouv.fr/fr/datasets/bases-de-donnees-annuelles-des-accidents-corporels-de-la-circulation-routiere-annees-de-2005-a-2022/,Transports et mobilité,Visualisation,,https://www.data.gouv.fr/fr/reuses/tous-en-selle-a-paris-avec-le-plan-velo-2015-2020-quels-risques-pour-le-cycliste/,No,,No
Les enjeux du vélotaf,Bases de données annuelles des accidents corporels de la circulation routière - Années de 2005 à 2022,https://www.data.gouv.fr/fr/datasets/bases-de-donnees-annuelles-des-accidents-corporels-de-la-circulation-routiere-annees-de-2005-a-2022/,Transports et mobilité,Visualisation,,https://www.data.gouv.fr/fr/reuses/les-enjeux-du-velotaf/,No,,No
Machine learning pour prédire la gravité des accidents,Bases de données annuelles des accidents corporels de la circulation routière - Années de 2005 à 2022,https://www.data.gouv.fr/fr/datasets/bases-de-donnees-annuelles-des-accidents-corporels-de-la-circulation-routiere-annees-de-2005-a-2022/,Transports et mobilité,Visualisation,,https://www.data.gouv.fr/fr/reuses/machine-learning-pour-predire-la-gravite-des-accidents/,No,,No
Carte et graphique se rapportant aux accidents de velo,Bases de données annuelles des accidents corporels de la circulation routière - Années de 2005 à 2022,https://www.data.gouv.fr/fr/datasets/bases-de-donnees-annuelles-des-accidents-corporels-de-la-circulation-routiere-annees-de-2005-a-2022/,Transports et mobilité,Visualisation,,https://www.data.gouv.fr/fr/reuses/carte-et-graphique-se-rapportant-aux-accidents-de-velo/,No,,No
La météo des accidents de la route,Bases de données annuelles des accidents corporels de la circulation routière - Années de 2005 à 2022,https://www.data.gouv.fr/fr/datasets/bases-de-donnees-annuelles-des-accidents-corporels-de-la-circulation-routiere-annees-de-2005-a-2022/,Transports et mobilité,Visualisation,,https://www.data.gouv.fr/fr/reuses/la-meteo-des-accidents-de-la-route/,No,,No
Infrastructures cyclables & Accidentologie,Bases de données annuelles des accidents corporels de la circulation routière - Années de 2005 à 2022,https://www.data.gouv.fr/fr/datasets/bases-de-donnees-annuelles-des-accidents-corporels-de-la-circulation-routiere-annees-de-2005-a-2023/#/community-reuses,Transports et mobilité,Visualisation,ODU,https://www.data.gouv.fr/fr/reuses/infrastructures-cyclables-accidentologie/,No,,No
Accidents de la route 2023,Bases de données annuelles des accidents corporels de la circulation routière - Années de 2005 à 2022,https://www.data.gouv.fr/fr/datasets/bases-de-donnees-annuelles-des-accidents-corporels-de-la-circulation-routiere-annees-de-2005-a-2022/,Transports et mobilité,Visualisation,Loic Bertrand,https://www.data.gouv.fr/fr/reuses/accidents-de-la-route-2023/,No,,No
"Sur les routes, qui a tué qui en 2023 ?",Bases de données annuelles des accidents corporels de la circulation routière - Années de 2005 à 2022,https://www.data.gouv.fr/fr/datasets/bases-de-donnees-annuelles-des-accidents-corporels-de-la-circulation-routiere-annees-de-2005-a-2022/,Transports et mobilité,Visualisation,Loïc Bertrand,https://www.data.gouv.fr/fr/reuses/sur-les-routes-qui-a-tue-qui-en-2023/,No,,No
Accidents à vélo en France,Bases de données annuelles des accidents corporels de la circulation routière - Années de 2005 à 2022,https://www.data.gouv.fr/fr/datasets/bases-de-donnees-annuelles-des-accidents-corporels-de-la-circulation-routiere-annees-de-2005-a-2022/,Transports et mobilité,Visualisation,Loic Bertrand,https://www.data.gouv.fr/fr/reuses/accidents-a-velo-en-france/,No,,No
Accidentologie cycliste en Île-de-France,Bases de données annuelles des accidents corporels de la circulation routière - Années de 2005 à 2022,https://www.data.gouv.fr/fr/datasets/bases-de-donnees-annuelles-des-accidents-corporels-de-la-circulation-routiere-annees-de-2005-a-2022/,Transports et mobilité,Visualisation,Loic Bertrand,https://www.data.gouv.fr/fr/datasets/bases-de-donnees-annuelles-des-accidents-corporels-de-la-circulation-routiere-annees-de-2005-a-2022/,No,,No
Accidentologie en Île-de-France (2019-2023),Bases de données annuelles des accidents corporels de la circulation routière - Années de 2005 à 2022,https://www.data.gouv.fr/fr/datasets/bases-de-donnees-annuelles-des-accidents-corporels-de-la-circulation-routiere-annees-de-2005-a-2022/,Transports et mobilité,Visualisation,Loic Bertrand,https://www.data.gouv.fr/fr/reuses/accidentologie-en-ile-de-france-2019-2023/,No,,No
Service – Territoires similaires,Population,https://www.data.gouv.fr/fr/datasets/population/,Environnement et énergie,Application,Enedis,https://www.data.gouv.fr/fr/reuses/service-territoires-similaires/,No,,Yes
Service – Bilan de mon territoire,Population,https://www.data.gouv.fr/fr/datasets/population/,Environnement et énergie,Application,,https://www.data.gouv.fr/fr/reuses/service-bilan-de-mon-territoire/,No,,No
pynsee python package - tools to easily search and download data from INSEE and IGN,Population,https://www.data.gouv.fr/fr/datasets/population/,Autres,Application,,https://www.data.gouv.fr/fr/reuses/pynsee-python-package-tools-to-easily-search-and-download-data-from-insee-and-ign/,No,,No
Datavisualisation sur le logement vacant en France,Population,https://www.data.gouv.fr/fr/datasets/population/,Logement et urbanisme,Visualisation,,https://www.data.gouv.fr/fr/reuses/datavisualisation-sur-le-logement-vacant-en-france/,No,,No
Popularité des communes sur Wikipedia,Population,https://www.data.gouv.fr/fr/datasets/population/,Politique et vie publique,Visualisation,,https://www.data.gouv.fr/fr/reuses/popularite-des-communes-sur-wikipedia/,No,,No
Visualiser les inégalités territoriales et sociales de l'accès au sport en France,Population,https://www.data.gouv.fr/fr/datasets/population/,Culture et loisirs,Application,Charles de Valois,https://www.data.gouv.fr/fr/reuses/visualiser-les-inegalites-territoriales-et-sociales-de-lacces-au-sport-en-france/,No,,No
Structure de la population de votre territoire,Population,https://www.data.gouv.fr/fr/datasets/population/,Société et démographie,Visualisation,Koumoul,https://www.data.gouv.fr/fr/reuses/structure-de-la-population-de-votre-territoire/,No,,No
Que possèdent l'État et les collectivités dans votre commune ?,Fichiers des locaux et des parcelles des personnes morales,https://www.data.gouv.fr/fr/datasets/fichiers-des-locaux-et-des-parcelles-des-personnes-morales/?reuses_page=2#community-reuses,Logement et urbanisme,Article de presse,,https://www.data.gouv.fr/fr/reuses/dans-les-grandes-villes-on-observe-la-mosaique-que-forment-les-differents-types-de-biens-publics-fig-data-accueilactualite-reserve-aux-abonnes-que-possedent-letat-et-les-collectivites-dans-votre-commune/,No,,Yes
Carte des parcelles des personnes morales - MAJIC,Fichiers des locaux et des parcelles des personnes morales,https://www.data.gouv.fr/fr/datasets/fichiers-des-locaux-et-des-parcelles-des-personnes-morales/?reuses_page=2#community-reuses,Logement et urbanisme,Visualisation,,https://www.data.gouv.fr/fr/reuses/carte-des-parcelles-des-personnes-morales-majic/,No,,No
Les coiffeurs sont des blagueurs,Coordonnées des enseignes de Coiffure comportant des jeux de mots cocasses dans leur appellation,https://www.data.gouv.fr/fr/datasets/coordonnees-des-enseignes-de-coiffure-comportant-des-jeux-de-mots-cocasses-dans-leur-appellation/#/community-reuses,Economie et entreprise,Visualisation,,https://www.data.gouv.fr/fr/reuses/les-coiffeurs-sont-des-blagueurs/,No,,Yes
Application LYZO - qualité de l'eau,Résultats du contrôle sanitaire de l'eau du robinet,https://www.data.gouv.fr/fr/datasets/resultats-du-controle-sanitaire-de-leau-du-robinet/,Santé,Application,,https://www.data.gouv.fr/fr/reuses/application-lyzo-qualite-de-leau/,No,,Yes
,Résultat des élections des représentants des étudiants au sein des Crous (par région et nombre de sièges par liste),https://www.data.gouv.fr/fr/datasets/resultat-des-elections-des-representants-des-etudiants-au-sein-des-crous-par-region-et-nombre-de-sieges-par-liste/,,,,,Yes,,Yes
,Données sur les installations radioélectriques de plus de 5 watts,https://www.data.gouv.fr/fr/datasets/donnees-sur-les-installations-radioelectriques-de-plus-de-5-watts-1/,,,,,Yes,,Yes
BODACC,BODACC,https://www.data.gouv.fr/fr/datasets/bodacc/,Economie et entreprise,Application,,https://www.data.gouv.fr/fr/reuses/bodacc/,No,,Yes
Brico NATINF,Liste des infractions en vigueur de la nomenclature NATINF,https://www.data.gouv.fr/fr/datasets/liste-des-infractions-en-vigueur-de-la-nomenclature-natinf/#/community-reuses,Droit et justice,Application,Benjamin Noel,https://www.data.gouv.fr/fr/reuses/brico-natinf/,No,,Yes
Cartographie des parcelles agricoles bio et non bio déclarées à la PAC,Parcelles en Agriculture Biologique (AB) déclarées à la PAC,https://www.data.gouv.fr/fr/datasets/parcelles-en-agriculture-biologique-ab-declarees-a-la-pac/#/community-reuses,Agriculture et alimentation,,,https://www.data.gouv.fr/fr/reuses/cartographie-des-parcelles-agricoles-bio-et-non-bio-declarees-a-la-pac/,No,,Yes
BeeGIS - Bee Geographic Information System,,,,,,https://www.data.gouv.fr/fr/reuses/beegis-bee-geographic-information-system/,No,,No
,DATAtourisme la base nationale des données publiques d'information touristique en Open Data,https://www.data.gouv.fr/fr/datasets/datatourisme-la-base-nationale-des-donnees-publiques-dinformation-touristique-en-open-data/?reuses_page=2#community-reuses,,,,,Yes,,Yes
,Lieux de vaccination contre la Covid-19,https://www.data.gouv.fr/fr/datasets/lieux-de-vaccination-contre-la-covid-19/#/community-reuses,,,,,No,,Yes
Comptoir-du-Libre.org,Socle interministériel de logiciels libres,https://www.data.gouv.fr/fr/datasets/socle-interministeriel-de-logiciels-libres/,Autres,,,https://www.data.gouv.fr/fr/reuses/comptoir-du-libre-org/,No,,Yes
Alimconfiance,Résultats des contrôles officiels sanitaires : dispositif d'information « Alim’confiance »,https://www.data.gouv.fr/fr/datasets/resultats-des-controles-officiels-sanitaires-dispositif-dinformation-alimconfiance/?reuses_page=2#community-reuses,Agriculture et alimentation,,,https://www.data.gouv.fr/fr/reuses/alimconfiance/,No,,Yes
Une étude des thèses de doctorat françaises sur le développement durable,Thèses soutenues en France depuis 1985,https://www.data.gouv.fr/fr/datasets/theses-soutenues-en-france-depuis-1985/,Education et recherche,,,https://www.data.gouv.fr/fr/reuses/une-etude-des-theses-de-doctorat-francaises-sur-le-developpement-durable/,No,,Yes
What makes a productive Ph.D. student?,Thèses soutenues en France depuis 1985,,,,,https://www.data.gouv.fr/fr/reuses/what-makes-a-productive-ph-d-student/,No,,No
Scanr,Thèses soutenues en France depuis 1985,https://www.data.gouv.fr/fr/datasets/theses-soutenues-en-france-depuis-1985/,Education et recherche,,,https://www.data.gouv.fr/fr/reuses/scanr/,No,,No
Thèses,Thèses soutenues en France depuis 1985,https://www.data.gouv.fr/fr/datasets/theses-soutenues-en-france-depuis-1985/,Education et recherche,,,https://www.data.gouv.fr/fr/reuses/theses/,No,,No
,OLD Indicateurs de l’activité épidémique: taux d'incidence de l'épidémie de COVID-19 par métropole,https://www.data.gouv.fr/fr/datasets/old-indicateurs-de-lactivite-epidemique-taux-dincidence-de-lepidemie-de-covid-19-par-metropole/,,,,,Yes,,Yes
Eco-Score : l'impact environnemental des produits alimentaires,Open Food Facts - Produits alimentaires : ingrédients nutrition labels,https://www.data.gouv.fr/fr/datasets/open-food-facts-produits-alimentaires-ingredients-nutrition-labels/#/community-reuses,,,,https://www.data.gouv.fr/fr/reuses/eco-score-limpact-environnemental-des-produits-alimentaires-1/,No,,Yes
,Données relatives à l’épidémie de COVID-19 en France : vue d’ensemble,https://www.data.gouv.fr/fr/datasets/donnees-relatives-a-lepidemie-de-covid-19-en-france-vue-densemble/#/community-reuses,,,,,Yes,,Yes
